slug,result
zmlog,identical
zipit,different
zhouyi,identical
zenoless,different
zedmango,identical
zapier,different
yrnycvisitors,identical
yrnycholiday2010,different
yrnycbriefs,different
ypersonals-old,different
yoyonono,identical
youtube,different
yosemite,identical
yootles-private,different
yootles-ledgers,different
yootles-blog,identical
yodelpad,identical
yl-yosemite,different
yl-yooniversal,different
yl-yashcoin,different
yl-yahootles,different
yl-yahoos,different
yl-waverly,different
yl-wager,different
yl-universal,different
yl-turkshow,different
yl-trixieloan,different
yl-tremblant,different
yl-toyota,different
yl-toronto,different
yl-tocks,different
yl-thecathouse,different
yl-test,different
yl-template,different
yl-tanglewood,different
yl-tahoe,different
yl-sugar,different
yl-stevendale,different
yl-stabe,different
yl-soule,different
yl-snow,different
yl-smar,different
yl-sanibel,different
yl-saka,different
yl-rnrvb,different
yl-pomary,different
yl-poconos,different
yl-pia,different
yl-pemberton,different
yl-pecunipher,different
yl-nyc,different
yl-mt,different
yl-mf,different
yl-mcm,different
yl-malcolm,different
yl-ledger,different
yl-laurtin,different
yl-kristin,different
yl-kim,different
yl-kibotzer,different
yl-jill,different
yl-jerrica,different
yl-jecmdr,different
yl-iva,different
yl-insti,different
yl-icefall,different
yl-hski,different
yl-hopup,different
yl-honey,different
yl-heath,different
yl-hamptons,identical
yl-grant,different
yl-grace,different
yl-goat,identical
yl-ganxy,different
yl-fountainold,different
yl-fountaindale,different
yl-fountainchip,different
yl-fone,different
yl-flatiron,different
yl-elaine,different
yl-DaveLoan0,different
yl-crowsnest,different
yl-codecombat,different
yl-chiplate,different
yl-castle,different
yl-camelot,different
yl-camelina,different
yl-breck,different
yl-booble,different
yl-bikeride,different
yl-beethany,different
yl-beerica,different
yl-beeminder,different
yl-beeble,different
yl-beach,different
yl-arizona,different
yl-aptigi,different
yl-aptiggpa,different
yl-aptigeewhiz,different
yl-apkbeem,different
yl-apbeebux,different
yl-alice,different
yl-aj,different
yl-aami,different
yl-a2a,different
yiling,different
yeggnotes,different
yearoffood,identical
yealthy-video,identical
yealthy_david,different
ydefectors2010,different
yc-test,identical
ycscript,different
ycs22,identical
ycprep,different
ycinterview,different
ychack,identical
ycbee,different
ybr,different
ybhp,different
yardvark,identical
yanswers,identical
yahooliday,identical
yagni,identical
y2k,identical
xmas2014,different
xanadumove,different
www2013,different
wsj2,different
write,identical
world,different
wordhunt,identical
wolfnix,different
wlwork,different
wlemail,different
wl259,identical
wizard,different
withings,identical
wist,different
winspecs,different
WineCheese,identical
wine_and_cheese,identical
willspec,different
willpower,identical
wilkinson,identical
wikiplots,identical
wikifying,different
widgets,different
wideloads,different
whyweigh,identical
whyvote,different
where,different
whattomind,identical
wevegotspace,different
weusethat,different
wellmanblog,identical
welephant,different
weighly,different
weekstart,different
weekendsoff,different
weddingseason,different
wedding-schedule,different
websearch,different
webnumbr,different
webdaemon,different
webcheck,different
weasels,identical
weaselpremium,identical
wearable,different
watson,identical
waterfalls,identical
watching,differentwar,identical
wantcanwill,identical
walkabout,identical
wakatime,different
waisted,different
virality,identical
viralfb,different
vimrc,different
vilasbaroque,identical
vhp2010,identical
verse,identical
veggieminding,identical
vegetables,identical
vegdays,different
validmessage,different
uxbee,identical
uvimm,different
uvihist,different
uvi1000,different
urlminder,identical
upsidedown,different
upbuddy,different
upbot,identical
unsubscribe,different
unsharable,different
units,different
unintended,identical
understand,identical
uncle,different
umbrellaman,identical
uluc,different
ubuntu,different
typebee,different
twt,different
two,identical
twitter,identical
twitsearch,identical
twiralapi,different
twiliobug,different
twilemail,identical
tweeq,identical
tvgroup,different
turkshirk,identical
turker-network,different
turingbet,different
tuit,different
trydeepwork,different
truth,different
trust,identical
trumptrumper,different
trueself,different
truebreaks,different
trippin2015,identical
triangle,identical
trendminder,identical
trello,identical
travelpings,identical
travelhacking,identical
translog,different
transgreption,different
tracking,identical
trackhack,identical
toxin,different
totweet,different
torn,different
topicsincausalrl,different
toothbrush,different
toggl,different
to-do-to-day,different
todoist,different
tmp-facebook,different
tmmm,identical
tkl,different
tinygift,different
tinivini,different
tim-visit-msrnyc,different
timeseries2networks,different
timepie,identical
timecarrot,different
thwinge,different
three,different
thesignalblog,different
themakerandbaker,different
thanksgiving19,identical
tgbee,identical
textbot,identical
textbooks,identical
test-localcache,identical
testimonials,identical
testeval,different
tenx,identical
techstars,different
techfest2014,identical
techcon,identical
techceleration,identical
teatalks,different
teachinghacks,identical
tccopy,different
taxalt,different
taskratchet,different
taskbot,identical
tareable,different
tapia_sqf,different
taobee,different
tao2,different
tangents,different
tagtime-private,different
tagrace,different
tac,identical
tabs,different
systems,identical
synonyms,identical
syllabus,different
swifts,identical
svsv,different
survivor,identical
surfpreds,different
supstyle,identical
support,identical
superhumanbugs,different
sunk,different
summer,different
sumabee,different
sugarorgy,identical
subarray,identical
study,different
stripeglitch,identical
stringles,identical
stress,identical
strawpoll,identical
strava,different
stratatutorial,different
storygraph,different
stingily,different
stinc,different
steps,identical
stephica,different
stealthydrones,different
statusminder,different
statsdash,identical
statmash,different
startup,identical
stairs,different
ssc,different
springclean,identical
spirit,different
spencer,different
spellingbee,identical
speclist,different
speakerlist,identical
spanisharticle,identical
spambots,identical
sourbabe,different
soulestice,identical
soulestead,identical
sos,different
sort,different
songs,different
solstice13,different
sodistricts,different
socialtargeting,identical
socialprimes,identical
socialmedia,identical
socialmeatier,identical
sociallyefficient,identical
socialincentives,different
snooze,different
snakeeyes,identical
smsbot,different
smoove,different
smoking-mm,different
smcbookclub,different
smart,different
smarmbot,different
smallworld,different
slytherin404,identical
slumber,identical
slippers,different
sleep,different
skritter,different
skiscienceweek,different
skidaddle,different
skeedule,different
skcoop,identical
skating-private,identical
skatecal,different
six,different
singularityandco,different
simplepreds,identical
sillybananas,different
silence,different
signal-lies,identical
sigecom,different
sierpinski,different
sid_dan,identical
sick,different
showmethedata,different
should,identical
shirley,different
shirknturk,identical
shhpa,different
shhmeta,different
shasta,identical
sharadresearch,identical
shapley,different
shapeup,different
shanepostmortem,different
shanaqui,identical
sezb,different
setec,different
seo,different
seinfeld,different
seedstorm,identical
sediment,identical
secretpoetry,identical
secret_ok_data,different
secretdepression,identical
secretbee,different
searchinthecity,different
sean_taylor_visit,identical
sealedbids,different
SCUGC2015_2128506,identical
scrooge,different
screentime,identical
screencap,identical
scrabble,identical
scpd,different
scienceweekski,identical
schoolsponsible,identical
scholar,identical
schmart,different
scheme,identical
schelling,different
schedoo,different
schedge,different
schdel,identical
scarequotes,different
sb19,identical
savings,different
saveny,different
savemess,identical
satacad,different
sappybee,identical
salespitch2,different
salary,different
safesum,different
sacha,different
runnersworld,identical
runkeeper,identical
rtbug,different
rssminder,different
routine,identical
routes,identical
rose90,different
rosary,identical
roomnames,identical
roofparty,identical
rocks,different
rocknames,identical
robots,identical
robin,identical
robhist,identical
robdanny,different
roadwidth,different
roadstart,different
roadmatrices,identical
roadedit,different
rmagick,different
rliangcoverago,identical
rituals,identical
risk,different
ripple,different
riddle,identical
rfe,different
rex,different
revshare,identical
review_topics,different
revealedprefs,identical
rev2,different
retroratchet,identical
responsestodbtcomments,different
